{
  "id": "717b1e54-dc7d-4c82-a5ac-a2c39c55448d",
  "name": "Good_mood",
  "isOverridable": true,
  "entries": [
    {
      "value": "happy",
      "synonyms": [
        "happy",
        "better",
        "feeling good",
        "gleeful",
        "upbeat",
        "merry",
        "cheerful",
        "glad",
        "feel good",
        "happy with myself"
      ]
    },
    {
      "value": "feel better",
      "synonyms": [
        "feel better"
      ]
    }
  ],
  "isEnum": false,
  "automatedExpansion": false
}