{
  "id": "7e50d13c-9e54-45a2-92d5-6a0bede479e0",
  "name": "heartwarmingStory",
  "isOverridable": true,
  "entries": [
    {
      "value": "Heartwarming Story",
      "synonyms": [
        "Heartwarming Story"
      ]
    },
    {
      "value": "heart-warming story",
      "synonyms": [
        "heart-warming story"
      ]
    },
    {
      "value": "inspiration story",
      "synonyms": [
        "inspiration story"
      ]
    },
    {
      "value": "tell me a story",
      "synonyms": [
        "tell me a story"
      ]
    },
    {
      "value": "motivational story",
      "synonyms": [
        "motivational story"
      ]
    },
    {
      "value": "feel-good story",
      "synonyms": [
        "feel-good story"
      ]
    },
    {
      "value": "uplifting story",
      "synonyms": [
        "uplifting story"
      ]
    },
    {
      "value": "short story",
      "synonyms": [
        "short story"
      ]
    }
  ],
  "isEnum": false,
  "automatedExpansion": false
}