{
  "id": "2eb24936-bf00-470e-b035-52f7faa605f4",
  "name": "inspirationalQuote",
  "isOverridable": true,
  "entries": [
    {
      "value": "Inspirational Quote",
      "synonyms": [
        "Inspirational Quote"
      ]
    },
    {
      "value": "motivational quote",
      "synonyms": [
        "motivational quote"
      ]
    },
    {
      "value": "uplifting quote",
      "synonyms": [
        "uplifting quote"
      ]
    },
    {
      "value": "quote",
      "synonyms": [
        "quote"
      ]
    },
    {
      "value": "quotes",
      "synonyms": [
        "quotes"
      ]
    }
  ],
  "isEnum": false,
  "automatedExpansion": false
}