{
  "id": "2193368e-1ab8-49ad-97d2-8cd7325b8897",
  "name": "Sad",
  "isOverridable": true,
  "entries": [
    {
      "value": "sad",
      "synonyms": [
        "under the weather",
        "depressed",
        "gloomy",
        "grey",
        "blue",
        "heartbroken",
        "down in the dumps",
        "out of sorts",
        "sad",
        "not myself",
        "don\u0027t feel like me",
        "don\u0027t feel like myself",
        "Unhappy",
        "feeling low",
        "lonely",
        "bad mood"
      ]
    },
    {
      "value": "not in a good mood",
      "synonyms": [
        "not in a good mood",
        "am not good",
        "am unhappy",
        "am not feeling well",
        "am down",
        "am feeling down",
        "am not happy"
      ]
    },
    {
      "value": "bad day",
      "synonyms": [
        "bad day"
      ]
    },
    {
      "value": "not happy",
      "synonyms": [
        "not happy"
      ]
    },
    {
      "value": "Today sucks",
      "synonyms": [
        "Today sucks"
      ]
    },
    {
      "value": "don\u0027t feel good",
      "synonyms": [
        "don\u0027t feel good"
      ]
    }
  ],
  "isEnum": false,
  "automatedExpansion": false
}