{
  "id": "5ae6b3ea-5273-46ea-9002-32e849ebd5e4",
  "name": "Search_for_Videos",
  "isOverridable": true,
  "entries": [
    {
      "value": "Watch",
      "synonyms": [
        "Watch",
        "view",
        "see",
        "look"
      ]
    },
    {
      "value": "cat",
      "synonyms": [
        "cat"
      ]
    },
    {
      "value": "videos",
      "synonyms": [
        "videos"
      ]
    },
    {
      "value": "youtube",
      "synonyms": [
        "youtube",
        "online video"
      ]
    }
  ],
  "isEnum": false,
  "automatedExpansion": false
}