{
  "id": "e711fe4f-2445-49ac-8a56-6af71369ebb3",
  "name": "Suicidal",
  "isOverridable": true,
  "entries": [
    {
      "value": "suicidal",
      "synonyms": [
        "depressed"
      ]
    },
    {
      "value": "can\u0027t take another day",
      "synonyms": [
        "can\u0027t take another day"
      ]
    },
    {
      "value": "kill myself",
      "synonyms": [
        "kill myself"
      ]
    },
    {
      "value": "killing myself",
      "synonyms": [
        "killing myself"
      ]
    },
    {
      "value": "feel like dying",
      "synonyms": [
        "feel like dying"
      ]
    },
    {
      "value": "hate my life",
      "synonyms": [
        "hate my life"
      ]
    },
    {
      "value": "can\u0027t take it anymore",
      "synonyms": [
        "can\u0027t take it anymore"
      ]
    },
    {
      "value": "don\u0027t want to live anymore",
      "synonyms": [
        "don\u0027t want to live anymore"
      ]
    },
    {
      "value": "wish I were dead",
      "synonyms": [
        "wish I were dead"
      ]
    },
    {
      "value": "commit suicide",
      "synonyms": [
        "commit suicide"
      ]
    },
    {
      "value": "want to shoot myself",
      "synonyms": [
        "want to shoot myself"
      ]
    },
    {
      "value": "want to die",
      "synonyms": [
        "want to die"
      ]
    },
    {
      "value": "noose",
      "synonyms": [
        "noose"
      ]
    }
  ],
  "isEnum": false,
  "automatedExpansion": false
}